id,source,customer_name,rating,text,timestamp
BK-101,Google Reviews,Priya Sharma,5.0,"The sourdough bread and almond croissants here are simply out of this world! Freshly baked and warm. Staff was very courteous.",2026-09-12 10:30
BK-102,Google Reviews,Rahul Verma,1.0,"Extremely disappointed. Ordered a birthday cake for 8 PM delivery, it arrived at 9:45 PM completely melted and smashed! ruined our party.",2026-09-14 21:50
BK-103,Swiggy / Zomato,Ananya Sen,2.0,"The hot chocolate was completely spilled inside the paper bag. No protective seal or proper cup holder. Packaging was terrible!",2026-09-15 14:15
BK-104,Google Reviews,Vikram Patel,5.0,"Cozy ambiance, lovely jazz music, and delicious blueberry cheesecake. Best neighborhood cafe in town.",2026-09-18 16:45
BK-105,WhatsApp,Sneha Nair,4.0,"Pastries were fresh and tasty, but ₹380 for a small slice of tiramisu feels a bit expensive compared to other bakeries nearby.",2026-09-19 12:20
BK-106,Google Reviews,Karthik Rajan,1.0,"Unacceptable hygiene lapse! Found a long hair strand baked directly inside the chocolate muffin. When I showed the staff, they were indifferent and rude.",2026-09-21 11:10
BK-107,In-Store Feedback,Ritu Malhotra,5.0,"Chef was kind enough to bake an eggless walnut brownie specially on request. Excellent customer service and personal touch!",2026-09-22 17:00
BK-108,Swiggy / Zomato,Aditya Rao,2.0,"Food took 75 minutes to arrive. The garlic bread was cold and rock hard by the time the rider delivered it.",2026-09-23 20:10
BK-109,Google Reviews,Meera Joshi,5.0,"Clean store, heavenly aroma, and impeccable packaging for dry cookies. Will definitely order again for festive gifting.",2026-09-25 15:30
BK-110,Google Reviews,Arjun Kapoor,3.0,"Coffee is decent, but seating area is too cramped on Sunday evenings. Impossible to find a quiet corner to work.",2026-09-26 18:00
BK-111,WhatsApp,Divya K.,1.0,"Charged me twice on UPI scanner and manager refused to refund on spot, asked me to wait 7 banking days. Rude behaviour!",2026-09-28 13:40
BK-112,Google Reviews,Siddharth M.,5.0,"Consistently great quality for 2 years now. Their cinnamon rolls are unbeatable!",2026-09-29 09:15
